id,name,email,job
5,name 5,email 5,job 5
10,Oksana Test5,user5@example.com,UI/UX Designer
15,Sofiia Test10,user10@example.com,Backend Developer
20,Bohdan Test15,user15@example.com,UI/UX Designer
25,Olena Test20,user20@example.com,DevOps Engineer
30,Taras Test25,user25@example.com,DevOps Engineer
35,Oksana Test30,user30@example.com,QA Engineer
40,Olena Test35,user35@example.com,Frontend Developer
45,Sofiia Test40,user40@example.com,Frontend Developer
50,Sofiia Test45,user45@example.com,Frontend Developer
55,Yuliia Test50,user50@example.com,Backend Developer
60,Taras Test55,user55@example.com,DevOps Engineer
65,Yuliia Test60,user60@example.com,DevOps Engineer
70,Bohdan Test65,user65@example.com,QA Engineer
75,Sofiia Test70,user70@example.com,DevOps Engineer
80,Olena Test75,user75@example.com,QA Engineer
85,Ivan Test80,user80@example.com,QA Engineer
90,Ivan Test85,user85@example.com,UI/UX Designer
95,Taras Test90,user90@example.com,Backend Developer
100,Dmytro Test95,user95@example.com,Frontend Developer
